Algorithm,Size,DataType,TimeMs,Comparisons,MaxRecursionDepth
MergeSort,100,Random,1,5627,639,3
MergeSort,100,Sorted,0,0507,244,3
QuickSort,100,Random,1,6481,1218,3
QuickSort,100,Sorted,0,1630,981,3
QuickSelect,100,Random,2,7683,333,1
MergeSort,500,Random,0,8614,4675,5
MergeSort,500,Sorted,0,5094,1728,5
QuickSort,500,Random,1,0637,7046,5
QuickSort,500,Sorted,1,4678,7125,5
QuickSelect,500,Random,0,4060,1481,1
MergeSort,1000,Random,0,9412,10296,6
MergeSort,1000,Sorted,0,2014,3956,6
QuickSort,1000,Random,0,4278,17882,6
QuickSort,1000,Sorted,0,5838,17103,5
QuickSelect,1000,Random,0,3824,4691,1
MergeSort,5000,Random,1,7548,58570,9
MergeSort,5000,Sorted,1,1566,27124,9
QuickSort,5000,Random,2,4270,110570,7
QuickSort,5000,Sorted,2,0473,103641,7
QuickSelect,5000,Random,2,1114,22518,1
MergeSort,10000,Random,7,0410,126994,10
MergeSort,10000,Sorted,26,9529,59248,10
QuickSort,10000,Random,12,0934,245535,8
QuickSort,10000,Sorted,0,9844,218742,8
QuickSelect,10000,Random,5,6565,37377,1
MergeSort,50000,Random,30,5796,770691,12
MergeSort,50000,Sorted,11,4245,347008,12
QuickSort,50000,Random,8,3554,1384044,9
QuickSort,50000,Sorted,5,9113,1324514,10
QuickSelect,50000,Random,15,2779,155619,1
